Nodos,Costo
16,2030
14615,2010
21340,1960
28061,1910
34773,1860
41475,1810
48145,1760
54782,1740
61401,1720
1.55997e+07,1670
1.56064e+07,1650
1.5613e+07,1630
